Cluster,mean,median,count,mean,median,count,mean,median,count,mean,median,count,mean,median,count,mean,median,count,mean,median,count,mean,median,count
0,25028.115160582485,24969,50130,255.0770596449232,255,50130,3.001117095551566,3,50130,2727.417614203072,2739,50130,43.7277478555755,43,50130,0.4975211658721074,0.500824211077002,50130,43.7277478555755,43,50130,1,1,50130
1,25121.166888384327,25169,99977,254.1745201396321,255,99977,3.0020004601058243,3,99977,2620.274123048301,2598,99977,30.55388739410064,30,99977,0.5025625521444975,0.500824211077002,99977,30.55388739410064,30,99977,0,0,99977
2,24908.749441902837,24872,99893,255.14362367733474,255,99893,3.009790475809116,3,99893,2829.5647142442413,2843,99893,57.089195439119855,57,99893,0.5007419984216246,0.500824211077002,99893,57.089195439119855,57,99893,0,0,99893
